field,dtype,nullable
cve_id,string,True
hash,string,True
repo_url,string,True
cve_description,string,True
cvss2_base_score,null,True
cvss3_base_score,null,True
published_date,null,True
severity,null,True
cwe_id,string,True
cwe_name,string,True
cwe_description,string,True
commit_message,string,True
commit_date,null,True
version_tag,null,True
repo_total_files,null,True
repo_total_commits,null,True
file_paths,string,True
language,string,True
diff_stats,string,True
diff_with_context,null,True
vulnerable_code,string,True
fixed_code,string,True
security_keywords,string,True
