cwe,sample_count,with_graph,missing_graph,missing_percentage
CWE-119,1720,1541,179,10.406976744186046
CWE-787,1620,1405,215,13.271604938271606
CWE-125,1542,1318,224,14.526588845654995
CWE-476,1396,1199,197,14.111747851002864
CWE-20,1180,889,291,24.661016949152543
CWE-416,1097,981,116,10.5742935278031
CWE-190,763,656,107,14.02359108781127
CWE-200,612,525,87,14.215686274509803
CWE-362,555,519,36,6.486486486486487
CWE-399,488,440,48,9.836065573770492
CWE-264,462,408,54,11.688311688311687
CWE-120,442,375,67,15.158371040723981
CWE-400,348,313,35,10.057471264367816
CWE-189,320,281,39,12.1875
CWE-401,292,261,31,10.616438356164384
CWE-617,270,224,46,17.037037037037038
CWE-835,264,222,42,15.909090909090908
CWE-415,192,164,28,14.583333333333334
CWE-369,189,155,34,17.989417989417987
CWE-772,186,173,13,6.989247311827956
CWE-287,180,179,1,0.5555555555555556
CWE-22,172,154,18,10.465116279069768
CWE-254,133,127,6,4.511278195488721
CWE-674,125,116,9,7.199999999999999
CWE-122,118,105,13,11.016949152542372
CWE-908,109,98,11,10.091743119266056
CWE-284,102,94,8,7.8431372549019605
CWE-59,99,97,2,2.0202020202020203
CWE-770,99,88,11,11.11111111111111
CWE-834,90,67,23,25.555555555555554
CWE-193,83,62,21,25.301204819277107
CWE-295,82,72,10,12.195121951219512
CWE-310,81,77,4,4.938271604938271
CWE-269,80,71,9,11.25
CWE-909,78,55,23,29.48717948717949
CWE-667,74,62,12,16.216216216216218
CWE-74,73,67,6,8.21917808219178
CWE-17,68,63,5,7.352941176470589
CWE-404,68,62,6,8.823529411764707
CWE-79,67,57,10,14.925373134328357
CWE-732,63,59,4,6.349206349206349
CWE-78,63,53,10,15.873015873015872
CWE-459,62,57,5,8.064516129032258
CWE-843,61,54,7,11.475409836065573
CWE-754,60,48,12,20.0
CWE-19,59,49,10,16.94915254237288
CWE-863,54,48,6,11.11111111111111
CWE-681,53,50,3,5.660377358490567
CWE-755,44,38,6,13.636363636363635
CWE-665,43,37,6,13.953488372093023
CWE-252,42,40,2,4.761904761904762
CWE-367,40,38,2,5.0
CWE-203,37,26,11,29.72972972972973
CWE-668,37,28,9,24.324324324324326
CWE-704,37,31,6,16.216216216216218
CWE-89,37,37,0,0.0
CWE-1284,35,33,2,5.714285714285714
CWE-129,35,33,2,5.714285714285714
CWE-862,35,33,2,5.714285714285714
CWE-330,34,29,5,14.705882352941178
CWE-682,33,27,6,18.181818181818183
CWE-131,32,27,5,15.625
CWE-327,31,29,2,6.451612903225806
CWE-134,30,28,2,6.666666666666667
CWE-354,30,30,0,0.0
CWE-763,30,28,2,6.666666666666667
CWE-276,28,28,0,0.0
CWE-191,27,25,2,7.4074074074074066
CWE-121,26,25,1,3.8461538461538463
CWE-502,26,26,0,0.0
CWE-824,26,18,8,30.76923076923077
CWE-77,24,24,0,0.0
CWE-212,22,19,3,13.636363636363635
CWE-697,21,18,3,14.285714285714285
CWE-326,20,19,1,5.0
CWE-345,20,19,1,5.0
CWE-436,20,20,0,0.0
CWE-611,19,16,3,15.789473684210526
CWE-94,19,19,0,0.0
CWE-444,18,16,2,11.11111111111111
CWE-662,18,15,3,16.666666666666664
CWE-776,18,10,8,44.44444444444444
CWE-434,16,16,0,0.0
CWE-116,15,15,0,0.0
CWE-601,15,15,0,0.0
CWE-347,13,12,1,7.6923076923076925
CWE-672,13,12,1,7.6923076923076925
CWE-440,11,7,4,36.36363636363637
CWE-613,11,10,1,9.090909090909092
CWE-918,11,11,0,0.0
CWE-197,10,8,2,20.0
CWE-426,10,10,0,0.0
CWE-552,10,10,0,0.0
CWE-306,9,9,0,0.0
CWE-319,9,9,0,0.0
CWE-384,9,9,0,0.0
CWE-388,9,8,1,11.11111111111111
CWE-1021,8,8,0,0.0
CWE-290,8,8,0,0.0
CWE-346,8,8,0,0.0
CWE-670,8,7,1,12.5
CWE-913,8,3,5,62.5
CWE-18,7,2,5,71.42857142857143
CWE-428,7,7,0,0.0
CWE-911,7,7,0,0.0
CWE-285,6,6,0,0.0
CWE-331,6,6,0,0.0
CWE-385,6,6,0,0.0
CWE-407,6,6,0,0.0
CWE-532,6,6,0,0.0
CWE-90,6,6,0,0.0
CWE-1187,5,5,0,0.0
CWE-126,5,5,0,0.0
CWE-337,5,5,0,0.0
CWE-409,5,5,0,0.0
CWE-680,5,5,0,0.0
CWE-693,5,5,0,0.0
CWE-823,5,5,0,0.0
CWE-1077,4,4,0,0.0
CWE-16,4,3,1,25.0
CWE-172,4,4,0,0.0
CWE-241,4,4,0,0.0
CWE-273,4,4,0,0.0
CWE-338,4,4,0,0.0
CWE-427,4,4,0,0.0
CWE-522,4,4,0,0.0
CWE-626,4,3,1,25.0
CWE-88,4,3,1,25.0
CWE-118,3,3,0,0.0
CWE-1188,3,3,0,0.0
CWE-1333,3,3,0,0.0
CWE-184,3,3,0,0.0
CWE-229,3,2,1,33.33333333333333
CWE-325,3,3,0,0.0
CWE-494,3,2,1,33.33333333333333
CWE-706,3,1,2,66.66666666666666
CWE-707,3,3,0,0.0
CWE-113,2,2,0,0.0
CWE-248,2,2,0,0.0
CWE-255,2,1,1,50.0
CWE-307,2,1,1,50.0
CWE-320,2,2,0,0.0
CWE-324,2,2,0,0.0
CWE-358,2,2,0,0.0
CWE-639,2,2,0,0.0
CWE-762,2,2,0,0.0
CWE-838,2,2,0,0.0
CWE-924,2,2,0,0.0
CWE-1049,1,1,0,0.0
CWE-1050,1,1,0,0.0
CWE-117,1,1,0,0.0
CWE-185,1,1,0,0.0
CWE-202,1,1,0,0.0
CWE-208,1,1,0,0.0
CWE-209,1,1,0,0.0
CWE-23,1,1,0,0.0
CWE-250,1,0,1,100.0
CWE-26,1,1,0,0.0
CWE-282,1,1,0,0.0
CWE-300,1,1,0,0.0
CWE-312,1,1,0,0.0
CWE-323,1,1,0,0.0
CWE-335,1,1,0,0.0
CWE-349,1,1,0,0.0
CWE-352,1,1,0,0.0
CWE-361,1,1,0,0.0
CWE-460,1,1,0,0.0
CWE-475,1,1,0,0.0
CWE-590,1,1,0,0.0
CWE-610,1,1,0,0.0
CWE-628,1,1,0,0.0
CWE-73,1,1,0,0.0
CWE-788,1,1,0,0.0
CWE-93,1,1,0,0.0
CWE-943,1,1,0,0.0
