cwe,sample_count,percentage_of_labeled_vulnerable,project_count,commit_count
CWE-787,2896,17.97752808988764,277,1081
CWE-125,1869,11.602209944751381,176,819
CWE-119,1633,10.137190390464959,192,720
CWE-20,1315,8.16313861816376,148,499
CWE-703,1228,7.623067850270035,152,529
CWE-416,1005,6.238748525668881,79,392
CWE-476,975,6.0525172263951825,125,503
CWE-190,783,4.860636911043516,96,293
CWE-200,747,4.637159351915079,102,369
CWE-399,509,3.1597243776770747,59,240
CWE-362,458,2.8431311689117886,32,166
CWE-284,432,2.68173070954125,66,178
CWE-189,422,2.619653609783351,43,140
CWE-264,420,2.607238189831771,41,151
CWE-400,402,2.495499410267552,49,143
CWE-401,366,2.272021851139115,30,185
CWE-310,361,2.240983301260165,25,112
CWE-120,299,1.8561052827611895,56,113
CWE-415,269,1.6698739834874916,53,103
CWE-369,261,1.620212303681172,31,155
CWE-22,201,1.247749705133776,40,56
CWE-269,196,1.2167111552548264,28,62
CWE-835,191,1.1856726053758768,39,98
CWE-617,178,1.1049723756906076,29,74
CWE-59,170,1.0553106958842884,29,55
CWE-295,151,0.9373642063442796,28,34
CWE-94,140,0.8690793966105904,26,46
CWE-772,139,0.8628716866348004,14,95
CWE-19,112,0.6952635172884722,9,20
CWE-770,112,0.6952635172884722,28,45
CWE-287,108,0.6704326773853125,24,31
CWE-674,86,0.533863057917934,23,30
CWE-61,84,0.5214476379663542,16,21
CWE-122,80,0.49661679806319453,8,52
CWE-78,76,0.4717859581600347,17,23
CWE-241,64,0.3972934384505556,5,20
CWE-444,60,0.3724625985473959,10,17
CWE-908,56,0.3476317586442361,19,36
CWE-732,55,0.3414240486684462,17,24
CWE-89,54,0.33521633869265627,10,15
CWE-755,51,0.31659320876528646,13,21
CWE-862,51,0.31659320876528646,9,20
CWE-763,49,0.3041777888137066,8,14
CWE-17,47,0.29176236886212675,10,19
CWE-191,47,0.29176236886212675,14,21
CWE-327,46,0.2855546588863368,6,23
CWE-667,46,0.2855546588863368,5,18
CWE-459,45,0.2793469489105469,1,4
CWE-74,43,0.266931528958967,12,26
CWE-79,43,0.266931528958967,13,27
CWE-330,41,0.2545161090073872,5,6
CWE-134,40,0.24830839903159727,11,14
CWE-319,40,0.24830839903159727,4,5
CWE-552,40,0.24830839903159727,4,5
CWE-613,40,0.24830839903159727,3,6
CWE-754,40,0.24830839903159727,13,21
CWE-824,40,0.24830839903159727,12,22
CWE-252,39,0.24210068905580734,9,16
CWE-77,38,0.23589297908001736,11,15
CWE-203,36,0.22347755912843753,9,19
CWE-601,36,0.22347755912843753,4,8
CWE-18,34,0.21106213917685765,1,2
CWE-254,34,0.21106213917685765,12,19
CWE-665,33,0.20485442920106772,12,26
CWE-704,33,0.20485442920106772,6,11
CWE-863,31,0.19243900924948787,7,16
CWE-326,30,0.18623129927369794,6,12
CWE-347,28,0.17381587932211806,10,13
CWE-345,25,0.15519274939474828,7,10
CWE-834,25,0.15519274939474828,8,19
CWE-290,23,0.1427773294431684,3,3
CWE-681,23,0.1427773294431684,7,16
CWE-662,22,0.1365696194673785,2,4
CWE-354,21,0.13036190949158855,4,8
CWE-129,20,0.12415419951579863,6,13
CWE-358,20,0.12415419951579863,2,2
CWE-193,19,0.11794648954000868,12,15
CWE-276,19,0.11794648954000868,5,11
CWE-406,19,0.11794648954000868,1,6
CWE-611,19,0.11794648954000868,4,6
CWE-668,19,0.11794648954000868,11,13
CWE-209,18,0.11173877956421877,2,2
CWE-285,18,0.11173877956421877,3,4
CWE-909,18,0.11173877956421877,5,14
CWE-288,16,0.0993233596126389,4,8
CWE-788,16,0.0993233596126389,1,1
CWE-434,15,0.09311564963684897,5,6
CWE-843,15,0.09311564963684897,7,8
CWE-131,14,0.08690793966105903,4,9
CWE-404,14,0.08690793966105903,4,6
CWE-522,14,0.08690793966105903,9,11
CWE-197,13,0.0807002296852691,1,2
CWE-323,13,0.0807002296852691,1,3
CWE-320,12,0.07449251970947918,2,7
CWE-913,11,0.06828480973368925,1,2
CWE-388,10,0.062077099757899316,2,5
CWE-502,10,0.062077099757899316,3,4
CWE-116,9,0.05586938978210938,2,4
CWE-367,9,0.05586938978210938,1,1
CWE-346,8,0.04966167980631945,3,4
CWE-352,8,0.04966167980631945,4,4
CWE-436,8,0.04966167980631945,3,3
CWE-682,8,0.04966167980631945,3,4
CWE-918,8,0.04966167980631945,3,4
CWE-121,7,0.043453969830529515,4,6
CWE-126,7,0.043453969830529515,1,7
CWE-212,7,0.043453969830529515,3,4
CWE-294,7,0.043453969830529515,1,6
CWE-532,7,0.043453969830529515,4,6
CWE-776,7,0.043453969830529515,2,2
CWE-1187,6,0.03724625985473959,2,2
CWE-273,6,0.03724625985473959,3,3
CWE-281,6,0.03724625985473959,2,2
CWE-297,6,0.03724625985473959,1,1
CWE-706,6,0.03724625985473959,2,4
CWE-707,6,0.03724625985473959,1,2
CWE-88,6,0.03724625985473959,2,6
CWE-16,5,0.031038549878949658,3,3
CWE-1021,4,0.024830839903159724,1,2
CWE-303,4,0.024830839903159724,1,1
CWE-311,4,0.024830839903159724,1,1
CWE-331,4,0.024830839903159724,1,2
CWE-823,4,0.024830839903159724,1,4
CWE-825,4,0.024830839903159724,1,1
CWE-91,4,0.024830839903159724,1,3
CWE-113,3,0.018623129927369794,2,2
CWE-255,3,0.018623129927369794,3,3
CWE-426,3,0.018623129927369794,2,2
CWE-475,3,0.018623129927369794,2,2
CWE-670,3,0.018623129927369794,3,3
CWE-672,3,0.018623129927369794,2,3
CWE-693,3,0.018623129927369794,2,2
CWE-266,2,0.012415419951579862,1,2
CWE-307,2,0.012415419951579862,1,1
CWE-417,2,0.012415419951579862,1,2
CWE-680,2,0.012415419951579862,1,1
CWE-90,2,0.012415419951579862,1,1
CWE-924,2,0.012415419951579862,1,2
CWE-93,2,0.012415419951579862,2,2
CWE-216,1,0.006207709975789931,1,1
CWE-335,1,0.006207709975789931,1,1
CWE-349,1,0.006207709975789931,1,1
CWE-428,1,0.006207709975789931,1,1
CWE-457,1,0.006207709975789931,1,1
CWE-565,1,0.006207709975789931,1,1
CWE-697,1,0.006207709975789931,1,1
CWE-786,1,0.006207709975789931,1,1
CWE-798,1,0.006207709975789931,1,1
CWE-805,1,0.006207709975789931,1,1
CWE-943,1,0.006207709975789931,1,1
