cwe,sample_count,project_count,largest_project_sample_count,largest_project_share
CWE-787,2896,277,401,13.846685082872929
CWE-125,1869,176,310,16.586409844836812
CWE-119,1633,192,279,17.085119412124925
CWE-20,1315,148,249,18.935361216730037
CWE-703,1228,152,408,33.22475570032573
CWE-416,1005,79,434,43.18407960199005
CWE-476,975,125,229,23.48717948717949
CWE-190,783,96,127,16.219667943805874
CWE-200,747,102,214,28.647925033467203
CWE-399,509,59,147,28.880157170923383
CWE-362,458,32,278,60.698689956331876
CWE-284,432,66,239,55.32407407407407
CWE-189,422,43,94,22.274881516587676
CWE-264,420,41,197,46.904761904761905
CWE-400,402,49,117,29.1044776119403
CWE-401,366,30,113,30.87431693989071
CWE-310,361,25,184,50.96952908587258
CWE-120,299,56,54,18.06020066889632
CWE-415,269,53,41,15.241635687732341
CWE-369,261,31,99,37.93103448275862
CWE-22,201,40,41,20.398009950248756
CWE-269,196,28,74,37.755102040816325
CWE-835,191,39,43,22.5130890052356
CWE-617,178,29,31,17.415730337078653
CWE-59,170,29,21,12.352941176470589
CWE-295,151,28,32,21.192052980132452
CWE-94,140,26,41,29.28571428571429
CWE-772,139,14,56,40.28776978417266
CWE-19,112,9,50,44.642857142857146
CWE-770,112,28,24,21.428571428571427
CWE-287,108,24,26,24.074074074074073
CWE-674,86,23,25,29.069767441860467
CWE-61,84,16,16,19.047619047619047
CWE-122,80,8,56,70.0
CWE-78,76,17,29,38.15789473684211
CWE-241,64,5,54,84.375
CWE-444,60,10,15,25.0
CWE-908,56,19,17,30.357142857142854
CWE-732,55,17,10,18.181818181818183
CWE-89,54,10,26,48.148148148148145
CWE-755,51,13,23,45.09803921568628
CWE-862,51,9,32,62.745098039215684
CWE-763,49,8,29,59.183673469387756
CWE-17,47,10,31,65.95744680851064
CWE-191,47,14,23,48.93617021276596
CWE-327,46,6,18,39.130434782608695
CWE-667,46,5,24,52.17391304347826
CWE-459,45,1,45,100.0
CWE-74,43,12,17,39.53488372093023
CWE-79,43,13,9,20.930232558139537
CWE-330,41,5,21,51.21951219512195
CWE-134,40,11,21,52.5
CWE-319,40,4,30,75.0
CWE-552,40,4,30,75.0
CWE-613,40,3,22,55.00000000000001
CWE-754,40,13,10,25.0
CWE-824,40,12,25,62.5
CWE-252,39,9,12,30.76923076923077
CWE-77,38,11,11,28.947368421052634
CWE-203,36,9,9,25.0
CWE-601,36,4,21,58.333333333333336
CWE-18,34,1,34,100.0
CWE-254,34,12,10,29.411764705882355
CWE-665,33,12,6,18.181818181818183
CWE-704,33,6,24,72.72727272727273
CWE-863,31,7,15,48.38709677419355
CWE-326,30,6,18,60.0
CWE-347,28,10,8,28.57142857142857
CWE-345,25,7,14,56.00000000000001
CWE-834,25,8,9,36.0
CWE-290,23,3,18,78.26086956521739
CWE-681,23,7,13,56.52173913043478
CWE-662,22,2,17,77.27272727272727
CWE-354,21,4,8,38.095238095238095
CWE-129,20,6,8,40.0
CWE-358,20,2,18,90.0
CWE-193,19,12,4,21.052631578947366
CWE-276,19,5,11,57.89473684210527
CWE-406,19,1,19,100.0
CWE-611,19,4,7,36.84210526315789
CWE-668,19,11,3,15.789473684210526
CWE-209,18,2,14,77.77777777777779
CWE-285,18,3,15,83.33333333333334
CWE-909,18,5,8,44.44444444444444
CWE-288,16,4,8,50.0
CWE-788,16,1,16,100.0
CWE-434,15,5,9,60.0
CWE-843,15,7,6,40.0
CWE-131,14,4,9,64.28571428571429
CWE-404,14,4,11,78.57142857142857
CWE-522,14,9,4,28.57142857142857
CWE-197,13,1,13,100.0
CWE-323,13,1,13,100.0
CWE-320,12,2,11,91.66666666666666
CWE-913,11,1,11,100.0
CWE-388,10,2,8,80.0
CWE-502,10,3,6,60.0
CWE-116,9,2,8,88.88888888888889
CWE-367,9,1,9,100.0
CWE-346,8,3,5,62.5
CWE-352,8,4,4,50.0
CWE-436,8,3,4,50.0
CWE-682,8,3,5,62.5
CWE-918,8,3,6,75.0
CWE-121,7,4,3,42.857142857142854
CWE-126,7,1,7,100.0
CWE-212,7,3,3,42.857142857142854
CWE-294,7,1,7,100.0
CWE-532,7,4,3,42.857142857142854
CWE-776,7,2,5,71.42857142857143
CWE-1187,6,2,4,66.66666666666666
CWE-273,6,3,4,66.66666666666666
CWE-281,6,2,5,83.33333333333334
CWE-297,6,1,6,100.0
CWE-706,6,2,5,83.33333333333334
CWE-707,6,1,6,100.0
CWE-88,6,2,5,83.33333333333334
CWE-16,5,3,2,40.0
CWE-1021,4,1,4,100.0
CWE-303,4,1,4,100.0
CWE-311,4,1,4,100.0
CWE-331,4,1,4,100.0
CWE-823,4,1,4,100.0
CWE-825,4,1,4,100.0
CWE-91,4,1,4,100.0
CWE-113,3,2,2,66.66666666666666
CWE-255,3,3,1,33.33333333333333
CWE-426,3,2,2,66.66666666666666
CWE-475,3,2,2,66.66666666666666
CWE-670,3,3,1,33.33333333333333
CWE-672,3,2,2,66.66666666666666
CWE-693,3,2,2,66.66666666666666
CWE-266,2,1,2,100.0
CWE-307,2,1,2,100.0
CWE-417,2,1,2,100.0
CWE-680,2,1,2,100.0
CWE-90,2,1,2,100.0
CWE-924,2,1,2,100.0
CWE-93,2,2,1,50.0
CWE-216,1,1,1,100.0
CWE-335,1,1,1,100.0
CWE-349,1,1,1,100.0
CWE-428,1,1,1,100.0
CWE-457,1,1,1,100.0
CWE-565,1,1,1,100.0
CWE-697,1,1,1,100.0
CWE-786,1,1,1,100.0
CWE-798,1,1,1,100.0
CWE-805,1,1,1,100.0
CWE-943,1,1,1,100.0
