sample_id,project,commit,cwe,code_preview
row-553,nbd,3ef52043861ab16352d49af89e048ba6339d6df8,CWE-119|CWE-787,"int mainloop(CLIENT *client) { 	struct nbd_request request; 	struct nbd_reply reply; 	gboolean go_on=TRUE; #ifdef DODBG 	int i = 0; #endif 	negotiate(client->net, client, NULL); 	DEBUG(""Entering reque"
row-613,rsyslog,1ef709cc97d54f74d3fdeb83788cc4b01f4c6a2a,CWE-772|CWE-401,processBatchMultiRuleset(batch_t *pBatch) { 	ruleset_t *currRuleset; 	batch_t snglRuleBatch; 	int i; 	int iStart;	/* start index of partial batch */ 	int iNew;	/* index for new (temporary) batch */ 	D
row-614,rsyslog,1ef709cc97d54f74d3fdeb83788cc4b01f4c6a2a,CWE-772|CWE-401,"batchInit(batch_t *pBatch, int maxElem) { 	DEFiRet; 	pBatch->maxElem = maxElem; 	CHKmalloc(pBatch->pElem = calloc((size_t)maxElem, sizeof(batch_obj_t))); 	// TODO: replace calloc by inidividual writes"
row-615,rsyslog,1ef709cc97d54f74d3fdeb83788cc4b01f4c6a2a,CWE-772|CWE-401,"batchCopyElem(batch_obj_t *pDest, batch_obj_t *pSrc) { 	memcpy(pDest, pSrc, sizeof(batch_obj_t)); }"
row-618,mono,722f9890f09aadfc37ae479e7d946d5fc5ef7b91,CWE-399|CWE-264,"void ves_icall_System_Threading_InternalThread_Thread_free_internal (MonoInternalThread *this, HANDLE thread) { 	MONO_ARCH_SAVE_REGS;  	THREAD_DEBUG (g_message (""%s: Closing thread %p, handle %p"", __f"
row-620,mono,2f00e4bbb2137130845afb1b2a1e678552fc8e5c,CWE-362|CWE-264,"ves_icall_System_Array_FastCopy (MonoArray *source, int source_idx, MonoArray* dest, int dest_idx, int length) { 	int element_size; 	void * dest_addr; 	void * source_addr; 	MonoClass *src_class; 	Mono"
row-621,mono,3f8ee42b8c867d9a4c18c22657840d072cca5c3a,CWE-399|CWE-264,"void mono_reflection_destroy_dynamic_method (MonoReflectionDynamicMethod *mb) { 	g_assert (mb);  	if (mb->mhandle) 		mono_runtime_free_method ( 			mono_object_get_domain ((MonoObject*)mb), mb->mhandle"
row-622,mono,3f8ee42b8c867d9a4c18c22657840d072cca5c3a,CWE-399|CWE-264,void  mono_reflection_create_dynamic_method (MonoReflectionDynamicMethod *mb) {
row-623,mono,3f8ee42b8c867d9a4c18c22657840d072cca5c3a,CWE-399|CWE-264,void  mono_reflection_create_dynamic_method (MonoReflectionDynamicMethod *mb) { 	ReflectionMethodBuilder rmb; 	MonoMethodSignature *sig; 	MonoClass *klass; 	GSList *l; 	int i;  	sig = dynamic_method_t
row-624,mono,89d1455a80ef13cddee5d79ec00c06055da3085c,CWE-399|CWE-264,"mono_runtime_shutdown (void) { 	mono_domain_foreach (fire_process_exit_event, NULL); }"
row-625,mono,8eb1189099e02372fd45ca1c67230eccf1edddc0,CWE-399|CWE-264,mono_gc_init (void) { 	InitializeCriticalSection (&handle_section); 	InitializeCriticalSection (&allocator_section);  	InitializeCriticalSection (&finalizer_mutex);  	MONO_GC_REGISTER_ROOT_FIXED (gc_h
row-626,mono,8eb1189099e02372fd45ca1c67230eccf1edddc0,CWE-399|CWE-264,void mono_gc_cleanup (void) { }
row-627,mono,8eb1189099e02372fd45ca1c67230eccf1edddc0,CWE-399|CWE-264,"mono_gc_cleanup (void) { #ifdef DEBUG 	g_message (""%s: cleaning up finalizer"", __func__); #endif  	if (!gc_disabled) { 		ResetEvent (shutdown_event); 		finished = TRUE; 		if (mono_thread_internal_curr"
row-628,mono,8eb1189099e02372fd45ca1c67230eccf1edddc0,CWE-399|CWE-264,void mono_gc_init (void) { 	InitializeCriticalSection (&handle_section); }
row-629,mono,8eb1189099e02372fd45ca1c67230eccf1edddc0,CWE-399|CWE-264,finalizer_thread (gpointer unused) { 	while (!finished) { 		/* Wait to be notified that there's at least one 		 * finaliser to run 		 */  		g_assert (mono_domain_get () == mono_get_root_domain ());  #
row-631,thunar,03dd312e157d4fa8a11d5fa402706ae5b05806fa,CWE-399|CWE-134,"thunar_transfer_job_copy_node (ThunarTransferJob  *job,                                ThunarTransferNode *node,                                GFile              *target_file,                        "
row-734,qemu,103b40f51e4012b3b0ad20f615562a1806d7f49a,CWE-119|CWE-787,"static void scsi_read_data(SCSIRequest *req) {     SCSIDiskReq *r = DO_UPCAST(SCSIDiskReq, req, req);     SCSIDiskState *s = DO_UPCAST(SCSIDiskState, qdev, r->req.dev);     uint32_t n;      if (r->sec"
row-735,qemu,103b40f51e4012b3b0ad20f615562a1806d7f49a,CWE-119|CWE-787,"static void scsi_write_complete(void * opaque, int ret) {     SCSIDiskReq *r = (SCSIDiskReq *)opaque;     SCSIDiskState *s = DO_UPCAST(SCSIDiskState, qdev, r->req.dev);     uint32_t len;     uint32_t "
row-736,qemu,103b40f51e4012b3b0ad20f615562a1806d7f49a,CWE-119|CWE-787,"static void scsi_read_complete(void * opaque, int ret) {     SCSIDiskReq *r = (SCSIDiskReq *)opaque;     SCSIDiskState *s = DO_UPCAST(SCSIDiskState, qdev, r->req.dev);     int n;      if (r->req.aiocb"
row-737,qemu,103b40f51e4012b3b0ad20f615562a1806d7f49a,CWE-119|CWE-787,"static void scsi_write_data(SCSIRequest *req) {     SCSIDiskReq *r = DO_UPCAST(SCSIDiskReq, req, req);     SCSIDiskState *s = DO_UPCAST(SCSIDiskState, qdev, r->req.dev);     uint32_t n;      /* No dat"
