project,total_samples,vulnerable_samples,number_of_cwe
linux,72270,3366,75
linux-2.6,10665,449,20
php-src,9041,969,38
server,8101,102,13
qemu,7493,470,29
gpac,6797,150,14
openssl,6239,664,29
vim,6126,223,22
envoy,5849,257,12
tensorflow,5056,629,28
ImageMagick,4448,482,31
mongo,4340,130,14
mysql-server,4200,151,10
radare2,4144,216,21
net,3294,140,17
samba,3293,165,20
libxml2,3132,192,19
postgres,3122,158,12
FFmpeg,3106,176,21
CImg,2807,2,3
ceph,2732,72,11
ghostpdl,2430,174,11
FreeRDP,2355,180,12
cimg,2282,2,1
qpdf,1979,283,6
kvm,1955,58,9
node,1758,59,7
ovs,1735,20,7
wireshark,1648,64,11
tor,1570,40,8
git,1529,67,11
redis,1519,85,14
curl,1507,95,17
systemd,1453,70,19
libvirt,1402,26,7
bash,1370,50,3
LibRaw,1353,80,15
oniguruma,1264,32,8
gnupg,1251,68,5
mono,1242,15,4
nautilus,1240,31,1
jasper,1223,270,15
OpenSC,1176,70,7
sqlite,1171,49,13
ImageMagick6,1149,141,20
libarchive,1149,64,18
poppler,1127,27,9
krb5,1082,152,20
flatpak,1074,25,6
openjpeg,1052,82,14
bluez,1043,36,10
gnutls,1032,73,14
libtiff,1004,103,13
cpython,937,56,3
cyrus-imapd,929,27,6
znc,922,22,7
Little-CMS,895,86,5
tcpdump,878,213,10
tip,857,51,7
libvpx,836,25,3
nghttp2,831,19,1
electron,821,57,5
unbound,818,77,9
wolfssl,792,10,9
bind9,791,22,5
librsvg,791,97,6
ruby,786,41,7
pjproject,774,51,14
squid,766,34,9
frr,746,29,5
evolution-ews,722,32,1
libyang,708,51,9
mruby,666,27,12
w3m,665,36,10
openexr,651,63,8
fontforge,649,7,3
ntp,635,57,11
rizin,635,20,5
httpd,621,23,7
irssi,621,46,3
njs,617,41,10
src,617,16,10
util-linux,603,42,9
chrony,601,30,2
libexpat,593,16,11
keepalived,587,40,5
exiv2,583,35,9
gdm,574,32,2
libtpms,553,113,4
clamav-devel,548,39,10
core,545,36,7
icu,544,9,2
libvncserver,540,70,17
lxc,538,26,7
virglrenderer,532,13,4
ncurses,516,63,1
memcached,516,16,9
jerryscript,515,44,8
rsyslog,510,15,7
linux-stable,506,12,9
evolution-data-server,504,8,4
libgit2,501,22,9
libgd,481,45,12
mutt,480,26,15
neomutt,474,33,16
file-roller,466,9,3
mujs,462,35,9
bdwgc,461,45,2
cryptsetup,454,15,2
cups,453,20,5
suricata,452,38,7
exim,448,37,10
weechat,447,10,5
mod_h2,441,52,4
ntopng,436,5,5
wget,427,24,6
libxslt,420,26,7
gdk-pixbuf,420,58,5
libevent,419,32,4
perl5,418,13,7
folly,417,11,3
haproxy,416,20,8
rdesktop,416,34,4
cpp-peglib,412,27,2
fmt,412,1,3
liblouis,411,11,2
rsync,409,37,5
mbedtls,392,22,8
date,390,24,0
upx,389,45,7
glib,384,16,5
net-snmp,377,14,4
libsndfile,375,46,6
firejail,375,54,5
mod_auth_openidc,373,22,5
slurm,369,18,4
file,367,76,9
selinux,361,8,2
lua,357,23,8
network-manager-applet,354,22,2
ioq3,354,14,3
net-next,353,10,2
libpng,350,15,5
Fast-DDS,346,19,1
jdk17u,344,4,0
bpf,343,16,5
p11-kit,340,14,2
gimp,338,37,8
sound,330,11,4
edk2,330,41,3
libssh,330,35,3
fbthrift,328,7,5
xserver,327,16,5
mongoose,327,3,4
dpdk,327,46,5
libsass,326,12,5
dcmtk,323,16,6
gnome-screensaver,323,21,1
passenger,322,22,9
389-ds-base,320,9,6
quagga,317,33,3
nDPI,316,13,4
libredwg,314,9,4
quassel,314,15,3
openldap,313,27,9
hermes,312,11,7
mongo-c-driver-legacy,306,40,1
winscp,305,4,2
polarssl,301,42,2
screen,299,5,1
spice,294,4,1
libreport,291,44,4
leptonica,290,19,3
stunnel,290,30,1
libjpeg-turbo,284,45,6
ldns,284,12,2
flac,282,8,3
mupdf,281,13,4
gst-plugins-good,279,5,1
openssh-portable,278,8,7
nspluginwrapper,268,5,1
Pillow,268,30,7
connman,267,11,2
yara,263,29,7
Espruino,256,13,5
nbdkit,254,21,2
cgal,252,18,2
acrn-hypervisor,252,34,5
tk,250,10,0
tinygltf,249,7,1
busybox,246,23,10
libgcrypt,241,20,3
thrift,241,8,2
opencv,236,23,6
asylo,235,16,7
libinput,233,10,1
libssh2,231,33,4
optee_os,227,23,6
rpm,227,16,6
uriparser,225,5,4
nasm,224,4,3
iperf,221,54,3
gst-plugins-base,220,4,2
stb,219,1,1
psutil,213,41,1
kvm-guest-drivers-windows,211,14,1
shotcut,211,2,3
brotli,207,17,1
vte,206,4,1
inspircd,206,11,7
mumble,206,8,6
vlc,205,4,4
LIEF,205,7,2
teeworlds,204,3,5
libde265,203,8,3
xrdp,202,12,0
libx11,201,29,2
libass,200,5,5
tinyexr,200,1,2
protobuf,198,3,1
freeradius-server,198,18,10
mod_auth_mellon,194,17,4
agoo,192,12,3
libming,191,3,6
mod_wsgi,191,3,3
nf,190,2,2
gvfs,190,10,1
ntfs-3g,190,4,2
amanda,189,30,2
libheif,188,4,3
ipmitool,188,12,2
trafficserver,188,5,2
avahi,186,13,2
proxygen,186,6,3
ZRTPCPP,185,6,1
zstd,184,5,1
pure-ftpd,183,7,6
js-compute-runtime,183,2,1
openenclave,182,30,2
glibc,181,14,6
aspell,180,7,1
unicorn,180,7,3
soundtouch,178,14,3
mvfst,177,1,2
PackageKit,177,5,1
u-boot,176,16,3
jansson,176,23,2
dbus,174,4,3
pacemaker,173,21,1
grep,173,44,2
gnome-online-accounts,173,25,1
zziplib,173,41,4
libsolv,171,2,2
Onigmo,171,7,2
binutils-gdb,170,5,2
nf-next,170,3,1
openvpn,170,3,4
varnish-cache,169,11,7
heimdal,169,7,5
collectd,166,5,4
patch,165,16,7
libmobi,164,10,5
libnbd,163,22,2
mariadb-connector-c,163,5,1
hexchat,163,3,2
wireless,161,1,1
incubator-doris,161,7,1
qemu-kvm,161,22,1
claws,160,7,2
hhvm,159,4,2
gerbv,159,11,3
cgit,158,6,1
gcc,156,1,1
wesnoth,156,5,1
tcmu-runner,155,11,4
glib-networking,155,2,1
lepton,153,5,3
pango,152,24,2
moddable,152,2,1
qpid-proton,151,5,0
miniupnp,150,9,7
cockpit,150,6,1
gnuplot,149,2,2
re2c,149,57,1
openj9,148,2,1
evince,147,15,3
mapserver,147,3,3
libtorrent,145,15,2
libetpan,143,1,1
botan,143,10,1
xterm-snapshots,141,1,1
abrt,140,43,5
libjpeg,140,9,6
nanopb,139,5,4
pdns,139,7,2
sysstat,138,10,3
WavPack,137,24,10
cpio,136,13,1
e2fsprogs,136,13,2
taglib,135,6,4
media_tree,135,4,3
LoRaMac-node,134,3,2
libexif,134,19,8
sssd,132,12,4
cJSON,132,2,2
domoticz,130,1,1
tty,130,12,3
aircrack-ng,130,4,2
open62541,129,6,3
bird,129,3,1
qcad,128,1,1
libxkbcommon,126,9,6
NetHack,126,3,2
ModSecurity,126,7,5
libtasn1,126,24,5
user-namespace,125,7,1
libslirp,125,25,5
augeas,125,14,0
rawstudio,125,2,2
gst-plugins-ugly,124,4,2
sleuthkit,123,2,4
jdk8u,123,4,0
htslib,123,1,1
Crow,123,12,2
dpdk-stable,123,7,0
libbson,122,6,1
ok-file-formats,122,6,1
ipsec,121,1,1
open-vm-tools,120,11,1
rhonabwy,119,3,2
sgminer,118,3,4
md4c,117,1,2
cryptopp,116,4,4
zlib,116,14,4
graphviz,116,4,2
gnulib,115,6,3
spice-vd_agent,115,10,3
matio,114,5,6
evolution,114,12,1
openmpt,113,5,3
DBD-mysql,113,5,3
texlive-source,112,2,1
GameNetworkingSockets,111,5,2
lz4,111,7,1
nbd,111,3,4
libqb,111,8,1
NetworkManager,111,1,1
lighttpd1.4,109,5,4
abcm2ps,109,4,3
uwsgi,109,1,3
libcomps,107,4,2
ndjbdns,107,13,1
libdxfrw,106,23,1
proftpd,106,2,3
redcarpet,106,2,2
webcc,106,13,1
cairo,105,8,1
gst-plugins-bad,104,3,3
libconfuse,104,1,0
atheme,103,12,5
nettle,102,39,4
libndp,102,4,1
linux-stable-rt,101,7,1
lftp,101,4,3
FreeRTOS-Kernel,100,6,3
jdk11u-dev,100,1,0
squirrel,100,2,3
zfs,99,5,2
freetype2-demos,98,6,1
libvips,97,5,6
bison,97,7,0
krecipes,94,3,0
haproxy-1.4,93,1,0
qBittorrent,93,7,2
scylladb,93,1,0
newsbeuter,91,5,3
MilkyTracker,90,3,2
accel-ppp,90,9,5
libseccomp,89,14,0
LuaJIT,89,5,1
deark,89,2,2
libebml,88,5,4
pcre2,88,4,2
libplist,88,9,8
openrazer,87,3,1
iproute2,87,4,1
Bento4,86,6,4
menu-cache,86,1,1
tidy-html5,86,1,1
libgadu,85,8,1
crawl,85,3,1
cifs-utils,85,7,5
libsoup,83,7,2
squashfs-tools,82,14,5
t1utils,82,9,2
tigervnc,82,19,3
c-blosc2,81,1,1
mod_md,81,4,1
Varnish-Cache,81,6,1
pgbouncer,81,4,3
glewlwyd,80,4,4
wolfssh,80,10,1
v4l2loopback,80,1,1
cantata,80,41,2
transmission,79,2,2
tmux,79,2,1
ext-http,79,3,3
nfdump,78,25,1
libcroco,78,4,2
osquery,78,5,2
SDL_ttf,78,3,2
libavif,78,1,2
lldpd,78,11,5
micro-ecc,78,3,1
tar,78,7,2
libdwarf-code,77,9,2
smb4k,77,5,1
m4,77,4,0
pam_pkcs11,77,10,0
ocaml,76,5,1
audiofile,76,15,3
opa-fm,76,5,1
harfbuzz,76,9,2
epiphany,76,4,1
libgxps,75,6,1
fizz,75,5,6
sudo,75,6,2
gnome-session,74,6,2
uclibc-ng,74,2,1
deepin-clone,74,6,2
Sigil,73,3,2
poco,73,18,1
json,72,6,2
ppp,72,3,4
arangodb,72,6,1
bitcoin,72,2,2
eucalyptus,71,9,0
VeraCrypt,71,1,2
profanity,71,4,3
uftpd,71,2,3
logrotate,70,6,1
unzip,70,8,1
polipo,70,6,1
tsMuxer,69,6,1
libgdata,69,2,1
libzmq,69,14,0
pigz,68,1,2
subconverter,68,9,2
isolated-vm,68,11,2
php-radius,68,2,2
turbovnc,67,2,1
wolfMQTT,67,1,1
aubio,66,4,0
jdk11u,66,2,0
libmaxminddb,65,7,0
empathy,65,2,1
cronie,65,6,2
libmspack,64,8,10
lrzip,64,5,2
usbredir,64,1,0
gnome-autoar,64,4,2
gnome-settings-daemon,63,1,0
libidn,63,12,2
staging,62,1,1
libsrtp,62,9,1
keepkey-firmware,62,13,4
iodine,62,9,0
sparc,62,1,1
pdfresurrect,61,14,2
spice-common,61,5,1
jabberd2,61,4,3
owntone-server,60,1,1
tcpreplay,60,8,5
libmodbus,59,2,2
libtool,59,2,0
ssh2,59,0,0
kitty,59,1,1
gnumeric,59,1,1
bfgminer,58,2,2
sddm,58,3,4
graphite,58,5,1
grub,57,5,2
minetest,57,3,2
mintty,57,1,2
libsixel,56,5,4
percona-xtrabackup,56,1,1
gnome-bluetooth,55,1,0
linux-fbdev,55,2,2
libgphoto2,55,2,1
libssh-mirror,55,4,1
contiki-ng,55,7,3
GIMP,54,8,2
ekiga,53,6,1
libreswan,53,8,3
cinnamon-screensaver,52,1,1
bubblewrap,52,2,3
gstreamer,52,2,1
iipsrv,52,8,1
freeipa,52,14,2
h2o,52,3,1
linux-pam,51,7,2
gpsd,51,3,1
irssi-proxy,51,6,1
libmysofa,50,4,4
librelp,50,1,1
nginx,50,6,5
libhtp,49,1,0
corosync,49,5,2
libmatroska,49,1,3
history,49,4,0
coreboot,48,3,1
qtbase,48,1,1
gpmf-parser,48,9,3
faad2,48,2,2
gdal,47,3,2
cyrus-sasl,47,5,2
libcaca,47,1,1
swtpm,47,5,1
x11vnc,47,1,3
libiec61850,47,2,3
libguestfs,47,3,1
openthread,46,3,1
percona-xtradb-cluster,46,3,1
guile,46,1,0
jhead,45,9,2
radvd,45,7,3
node-sqlite3,45,1,0
monkey,45,5,3
bro,44,5,3
nmap,44,1,1
libffi,44,1,1
capnproto,44,1,1
at-spi2-atk,43,4,0
trojita,43,1,1
mysql-wsrep,43,1,1
torque,43,5,2
snapd,42,3,3
wildmidi,42,2,2
libyaml,42,1,1
polkit,41,3,2
subversion,41,1,1
libfuse,41,2,1
gcab,41,3,1
swoole-src,41,6,2
mongoose-os,41,4,1
json-c,41,2,2
ettercap,40,6,5
ytnef,40,3,4
fribidi,40,4,2
astc-encoder,40,6,1
gtk-vnc,40,3,0
cgminer,40,4,2
swaylock,40,4,1
ZLMediaKit,39,1,1
unixODBC,39,8,2
c-shquote,39,4,1
mailutils,39,1,0
mcrouter,39,2,3
mksh,38,1,0
booth,38,1,2
lynx-snapshots,38,1,1
open5gs,38,7,2
mongo-c-driver,38,2,1
htcondor,38,2,1
libpcap,38,7,8
olm,38,2,1
target-pending,38,2,1
pycurl,37,1,0
zephyr,37,2,1
netmask,37,5,0
quazip,37,3,1
cmark-gfm,36,3,1
muon,36,1,2
postsrsd,36,2,3
udev,36,6,2
librepo,36,1,1
pesign,36,1,1
picocom,35,2,2
libzip,35,2,5
NetworkManager-vpnc,35,1,0
lasso,35,3,1
dash,34,2,0
wangle,34,2,4
sfntly,34,4,3
char-misc,33,3,1
libidn2,32,9,3
lwip,32,10,0
barebox,32,2,2
UltraVNC,32,1,1
akashi,32,2,2
vino,32,4,3
chafa,31,3,3
ArduinoJson,31,1,2
gifsicle,31,2,2
shadow,30,1,2
SDL,30,2,2
ssdp-responder,30,1,2
kopano-core,29,1,1
jq,29,2,2
hivex,29,5,3
advancecomp,28,2,2
cluster-glue,28,2,1
dosfstools,28,3,3
mbed-os,28,4,1
OpenDoas,27,4,2
pound,27,3,0
wayland,27,3,0
libmicrohttpd,27,3,1
bzrtp,27,3,2
icoutils,27,5,2
samurai,27,2,2
xrootd,27,1,1
shellinabox,27,1,3
ox,27,1,1
kdeconnect-kde,26,2,2
exif,26,2,1
runc,26,1,2
libfep,26,2,1
kernel,26,1,1
tinyproxy,26,1,1
clutter,26,1,1
linux-fs,26,1,1
cxxtools,25,2,1
tflite-micro,25,3,1
libuv,25,5,4
at-spi2-core,25,1,0
pupnp-code,25,1,1
pupnp,25,2,1
zsh,24,1,1
c-ares,24,5,5
libxsmm,24,9,3
libcdio,24,1,1
libjxl,24,2,2
pigeonhole,23,2,1
fdkaac,23,2,1
admesh,23,2,1
rabbitmq-c,23,1,3
atril,23,1,0
wireless-drivers,23,1,1
davs2,23,2,1
raptor,23,1,1
atomicparsley,22,1,1
icecast-server,22,6,1
janet,22,1,1
gegl,22,5,2
tang,22,2,1
lsquic,22,1,2
libinfinity,22,1,1
yubico-pam,22,2,2
aide,21,3,1
AESCrypt,21,8,2
ark,21,1,2
libgsf,21,1,1
shadowsocks-libev,21,2,2
qdecoder,21,1,1
iniparser,21,1,0
bitlbee,21,2,1
netdata,21,2,4
das_watchdog,21,1,2
totd,21,3,1
systemd-stable,21,2,1
drogon,20,1,1
zcash,20,3,2
shim,20,1,1
htmldoc,20,4,3
http-parser,20,2,1
pngquant,20,1,2
libav,20,3,3
libxmljs,19,2,1
mosquitto,19,1,3
nagioscore,19,4,3
libpod,19,3,0
png-img,19,1,2
nokogiri,18,6,2
openfortivpn,18,3,2
linux-next,18,2,1
libspiro,18,1,1
cracklib,18,1,1
pam-u2f,18,5,3
imagick,17,2,1
libu2f-host,17,1,3
lua-nginx-module,17,3,1
gnome-shell,17,1,0
gnash,17,2,1
axtls-8266,17,3,1
knc,17,2,2
libwebm,17,2,1
acpica,17,2,2
mosh,16,1,1
typed_ast,16,2,1
rtl_433,16,2,2
feh,16,1,2
jbig2dec,16,1,1
docker-credential-helpers,16,2,1
ubridge,15,1,2
aria2,15,2,1
libusbmuxd,15,2,2
tntnet,15,3,1
mesos,15,1,1
openscad,15,2,2
enlightenment,15,3,0
ippusbxd,15,3,2
varnish-modules,15,1,1
xorg-xserver,15,5,2
jpeg-quantsmooth,15,3,1
acl,14,1,0
AFFLIBv3,14,1,2
winsparkle,14,2,2
tinc,14,1,2
doom-vanille,14,1,2
fastecdsa,14,3,1
csync2,14,1,1
colord,14,1,1
engine,14,5,2
png2webp,14,1,2
ibus,14,4,1
firebird,14,4,1
vorbis,13,3,1
cortx-s3server,13,1,1
fastd,13,2,3
kamailio,13,2,4
bwa,13,1,1
hiredis,13,0,0
shapelib,12,1,1
uWebSockets,12,2,1
gnome-font-viewer,12,2,1
thunar,12,1,2
ompl,12,1,1
tpm2-tools,12,1,1
veyon,12,1,2
edgeless-mariadb,12,1,1
gzip,11,2,2
doas,11,3,4
tpm,11,3,1
pam_tacplus,11,1,1
eog,11,2,1
123elf,10,0,0
webserver,10,1,1
android_kernel_xiaomi_msm8996,10,1,1
bluetooth-next,10,5,0
tpm2.0-tools,10,2,2
portable,10,3,2
pykerberos,10,3,1
godot,9,3,2
LibRaw-demosaic-pack-GPL2,9,2,3
gssproxy,9,1,1
exo,9,1,1
ast,9,1,2
pycrypto,9,1,2
ecdsautils,9,2,1
ceph-client,9,0,0
bwm-ng,9,1,1
mpv,9,1,1
3proxy,9,1,2
suhosin,8,2,1
bareos,8,2,2
toybox,8,1,1
autotrace,8,1,1
wkhtmltopdf,8,1,1
crun,8,1,1
relic,8,3,2
fluent-bit,8,2,2
pyfribidi,8,5,1
gthumb,8,3,1
rufus,8,1,1
charybdis,7,1,2
Singular,7,1,1
yajl-ruby,7,1,1
llhttp,7,2,1
libimobiledevice,7,1,1
puma,7,1,1
media-tree,7,1,1
unrar,7,2,0
MonetDB,7,2,1
quagga-RE,7,3,0
at91bootstrap,7,4,4
capstone,6,1,1
kde-cli-tools,5,2,1
libbsd,5,1,1
SoftHSMv2,5,1,0
android-gif-drawable,5,1,1
libextractor,5,1,1
gsasl,4,1,1
proxychains-ng,4,1,1
rawspeed,4,1,1
furnace,4,1,1
detect-character-encoding,4,2,2
Openswan,3,1,1
nefarious2,3,1,2
bzip2,3,1,1
seatd,3,2,1
opensips,3,1,1
yodl,2,1,2
resiprocate,2,1,1
roundcubemail,2,1,1
ffjpeg,2,1,1
udisks,2,1,1
opus,2,1,1
libtomcrypt,2,1,1
android_security,2,0,0
