sample_id,project,commit,cwe,label,source_reference
row-17543,acrn-hypervisor,2b3dedfb9ba13f15887f22b935d373f36c9a59fa,CWE-617|CWE-703,vulnerable,dataset row sample_id=row-17543
row-13809,linux,05ab8f2647e4221cbdb3856dd7d32bd5407316b3,CWE-416|CWE-125|CWE-189,vulnerable,dataset row sample_id=row-13809
row-12897,rizin,05bbd147caccc60162d6fba9baaaf24befa281cd,CWE-200|CWE-787,vulnerable,dataset row sample_id=row-12897
row-4824,jasper,d42b2388f7f8e0332c846675133acea151fc557a,CWE-20|CWE-190,vulnerable,dataset row sample_id=row-4824
row-8688,envoy,afc39bea36fd436e54262f150c009e8d72db5014,CWE-400|CWE-703,vulnerable,dataset row sample_id=row-8688
row-12023,linux,3e3b5dfcd16a3e254aab61bd1e8c417dd4503102,,vulnerable,dataset row sample_id=row-12023
row-8932,libnbd,2c1987fc23d6d0f537edc6d4701e95a2387f7917,,vulnerable,dataset row sample_id=row-8932
row-16198,re2c,039c18949190c5de5397eba504d2c75dad2ea9ca,CWE-787,vulnerable,dataset row sample_id=row-16198
row-567,pango,336bb3201096bdd0494d29926dd44e8cca8bed26,,vulnerable,dataset row sample_id=row-567
row-13727,folly,c321eb588909646c15aefde035fd3133ba32cdee,CWE-125,vulnerable,dataset row sample_id=row-13727
row-15771,tensorflow,1970c2158b1ffa416d159d03c3370b9a462aee35,CWE-125|CWE-787,vulnerable,dataset row sample_id=row-15771
row-5087,libgit2,66e3774d279672ee51c3b54545a79d20d1ada834,CWE-119|CWE-787,vulnerable,dataset row sample_id=row-5087
row-15766,tensorflow,1970c2158b1ffa416d159d03c3370b9a462aee35,CWE-125|CWE-787,vulnerable,dataset row sample_id=row-15766
row-4243,linux,6e94e0cfb0887e4013b3b930fa6ab1fe6bb6ba91,CWE-119|CWE-787,vulnerable,dataset row sample_id=row-4243
row-5662,linux,0b29669c065f60501e7289e1950fa2a618962358,CWE-119|CWE-787,vulnerable,dataset row sample_id=row-5662
row-12672,jdk8u,f14e35d20e1a4d0f507f05838844152f2242c6d3,,vulnerable,dataset row sample_id=row-12672
row-12144,gimp,323ecb73f7bf36788fb7066eb2d6678830cd5de7,,vulnerable,dataset row sample_id=row-12144
row-832,suhosin,73b1968ee30f6d9d2dae497544b910e68e114bfa,CWE-119,vulnerable,dataset row sample_id=row-832
row-8975,libsoup,0e7b2c1466434a992b6a387497432e1c97b6125c,CWE-125,vulnerable,dataset row sample_id=row-8975
row-18735,ncurses,790a85dbd4a81d5f5d8dd02a44d84f01512ef443,,vulnerable,dataset row sample_id=row-18735
row-4225,ImageMagick,fc43974d34318c834fbf78570ca1a3764ed8c7d7,CWE-119|CWE-787,vulnerable,dataset row sample_id=row-4225
row-16083,tensorflow,9c87c32c710d0b5b53dc6fd3bfde4046e1f7a5ad,CWE-125|CWE-824,vulnerable,dataset row sample_id=row-16083
row-4718,linux,fac8e0f579695a3ecbc4d3cac369139d7f819971,CWE-400|CWE-703,vulnerable,dataset row sample_id=row-4718
row-3732,krb5,83ed75feba32e46f736fcce0d96a0445f29b96c2,CWE-119|CWE-772|CWE-401,vulnerable,dataset row sample_id=row-3732
row-16513,tcpdump,13ab8d18617d616c7d343530f8a842e7143fb5cc,CWE-125|CWE-787,vulnerable,dataset row sample_id=row-16513
row-145,linux-2.6,848c4dd5153c7a0de55470ce99a8e13a63b4703f,,vulnerable,dataset row sample_id=row-145
row-6038,LibRaw,8303e74b0567806dd5f16fc39aab70fe928de1a2,CWE-119,vulnerable,dataset row sample_id=row-6038
row-1601,LibRaw,c4e374ea6c979a7d1d968f5082b7d0ea8cd27202,,vulnerable,dataset row sample_id=row-1601
row-11455,libyang,5ce30801f9ccc372bbe9b7c98bb5324b15fb010a,CWE-617,vulnerable,dataset row sample_id=row-11455
row-11987,libvirt,e4f7589a3ec285489618ca04c8c0230cc31f3d99,CWE-667,vulnerable,dataset row sample_id=row-11987
